Workbook

Sheet AutosCounty
A1: County | B1: 0 Cars | C1: 1 Car | D1: 2 Cars | E1: 3 Cars | F1: 4+ Cars
A2: King | B2: =AutosTotal!M$2/SUM(AutosTotal!$M$2:$M$7) -> 0.11039677 | C2: =AutosTotal!M$3/SUM(AutosTotal!$M$2:$M$7) -> 0.36289807 | D2: =AutosTotal!M$4/SUM(AutosTotal!$M$2:$M$7) -> 0.34229918 | E2: =AutosTotal!M$5/SUM(AutosTotal!$M$2:$M$7) -> 0.12502681 | F2: =(AutosTotal!M$6+AutosTotal!M$7)/SUM(AutosTotal!$M$2:$M$7) -> 0.059379166
A3: Kitsap | B3: =AutosTotal!N$2/SUM(AutosTotal!$N$2:$N$7) -> 0.040852476 | C3: =AutosTotal!N$3/SUM(AutosTotal!$N$2:$N$7) -> 0.26123396 | D3: =AutosTotal!N$4/SUM(AutosTotal!$N$2:$N$7) -> 0.39030803 | E3: =AutosTotal!N$5/SUM(AutosTotal!$N$2:$N$7) -> 0.19961031 | F3: =(AutosTotal!N$6+AutosTotal!N$7)/SUM(AutosTotal!$N$2:$N$7) -> 0.10799523
A4: Pierce | B4: =AutosTotal!O$2/SUM(AutosTotal!$O$2:$O$7) -> 0.051821706 | C4: =AutosTotal!O$3/SUM(AutosTotal!$O$2:$O$7) -> 0.27085328 | D4: =AutosTotal!O$4/SUM(AutosTotal!$O$2:$O$7) -> 0.3892584 | E4: =AutosTotal!O$5/SUM(AutosTotal!$O$2:$O$7) -> 0.18277917 | F4: =(AutosTotal!O$6+AutosTotal!O$7)/SUM(AutosTotal!$O$2:$O$7) -> 0.10528745
A5: Snohomish | B5: =AutosTotal!P$2/SUM(AutosTotal!$P$2:$P$7) -> 0.045448569 | C5: =AutosTotal!P$3/SUM(AutosTotal!$P$2:$P$7) -> 0.26795478 | D5: =AutosTotal!P$4/SUM(AutosTotal!$P$2:$P$7) -> 0.39468292 | E5: =AutosTotal!P$5/SUM(AutosTotal!$P$2:$P$7) -> 0.18024533 | F5: =(AutosTotal!P$6+AutosTotal!P$7)/SUM(AutosTotal!$P$2:$P$7) -> 0.1116684

Sheet AutosTotal
A1: Number of Vehicles in Household | B1: Share | C1: King-own | D1: Kitsap-own | E1: Pierce-own | F1: Snohomish-own | G1: Total-own | H1: King-rent | I1: Kitsap-rent | J1: Pierce-rent | K1: Snohomish-rent | L1: Total-rent | M1: King-own&rent | N1: Kitsap-own&rent | O1: Pierce-own&rent | P1: Snohomish-own&rent | Q1: Total-own&rent | R1: B25044: Tenure by Vehicles Available - Census Bureau Table
A2: 0 | B2: =Q2/Totals!$B$3 -> 0.079977782 | C2: 13708 | D2: 1358 | E2: 4499 | F2: 3939 | G2: =SUM(C2:F2) -> 23504 | H2: 88720 | I2: 3024 | J2: 13468 | K2: 10233 | L2: =SUM(H2:K2) -> 115445 | M2: =C2+H2 -> 102428 | N2: =D2+I2 -> 4382 | O2: =E2+J2 -> 17967 | P2: =F2+K2 -> 14172 | Q2: =G2+L2 -> 138949
A3: 1 | B3: =Q3/Totals!$B$3 -> 0.31207734 | C3: 141222 | D3: 14902 | E3: 43350 | F3: 43283 | G3: =SUM(C3:F3) -> 242757 | H3: 195481 | I3: 13119 | J3: 50557 | K3: 40272 | L3: =SUM(H3:K3) -> 299429 | M3: =C3+H3 -> 336703 | N3: =D3+I3 -> 28021 | O3: =E3+J3 -> 93907 | P3: =F3+K3 -> 83555 | Q3: =G3+L3 -> 542186
A4: 2 | B4: =Q4/Totals!$B$3 -> 0.35542048 | C4: 225363 | D4: 30404 | E4: 93132 | F4: 89460 | G4: =SUM(C4:F4) -> 438359 | H4: 92228 | I4: 11462 | J4: 41827 | K4: 33612 | L4: =SUM(H4:K4) -> 179129 | M4: =C4+H4 -> 317591 | N4: =D4+I4 -> 41866 | O4: =E4+J4 -> 134959 | P4: =F4+K4 -> 123072 | Q4: =G4+L4 -> 617488
A5: 3 | B5: =Q5/Totals!$B$3 -> 0.14792053 | C5: 94521 | D5: 18008 | E5: 51819 | F5: 46331 | G5: =SUM(C5:F5) -> 210679 | H5: 21481 | I5: 3403 | J5: 11552 | K5: 9874 | L5: =SUM(H5:K5) -> 46310 | M5: =C5+H5 -> 116002 | N5: =D5+I5 -> 21411 | O5: =E5+J5 -> 63371 | P5: =F5+K5 -> 56205 | Q5: =G5+L5 -> 256989
A6: 4+ | B6: =Q6/Totals!$B$3 -> 0.079432698 | C6: 31615 | D6: 6717 | E6: 20571 | F6: 19160 | G6: =SUM(C6:F6)+SUM(C7:F7) -> 118241 | H6: 6144 | I6: 839 | J6: 2839 | K6: 3018 | L6: =SUM(H6:K6)+SUM(H7:K7) -> 19761 | M6: =C6+H6 -> 37759 | N6: =D6+I6 -> 7556 | O6: =E6+J6 -> 23410 | P6: =F6+K6 -> 22178 | Q6: =G6+L6 -> 138002
C7: 13962 | D7: 3856 | E7: 11274 | F7: 11086 | H7: 3372 | I7: 172 | J7: 1820 | K7: 1557 | M7: =C7+H7 -> 17334 | N7: =D7+I7 -> 4028 | O7: =E7+J7 -> 13094 | P7: =F7+K7 -> 12643
G8: =SUM(G2:G6) -> 1033540 | L8: =SUM(L2:L6) -> 660074
L9: =SUM(G8,L8) -> 1693614

Sheet WorkAtHome
A1: County | B1: ACS | C1: Total hhs | D1: percent | E1: B08006: Sex of Workers by Means of ... - Census Bureau Table
A2: King | B2: 301110 | C2: 1254215 | D2: =B2/C2*100 -> 24.007846
A3: Kitsap | B3: 17681 | C3: 137468 | D3: =B3/C3*100 -> 12.861902
A4: Pierce | B4: 59872 | C4: 459805 | D4: =B4/C4*100 -> 13.021172
A5: Snohomish | B5: 75162 | C5: 431355 | D5: =B5/C5*100 -> 17.424627
A6: Region | B6: =SUM(B2:B5) -> 453825 | C6: =SUM(C2:C5) -> 2282843 | D6: =B6/C6*100 -> 19.879817

Sheet Totals
A1: DataItem | B1: Total | C1: King | D1: Kitsap | E1: Pierce | F1: Snohomish
A2: Persons | B2: =SUM(C2:F2) -> 4294373 | C2: 2269675 | D2: 275611 | E2: 921130 | F2: 827957 | G2: https://data.census.gov/table?q=Population+Total&g=050XX00US53033,53035,53053,53061
A3: Households | B3: =SUM(C3:F3) -> 1737345 | C3: 949792 | D3: 109652 | E3: 356066 | F3: 321835 | G3: DP02: Selected Social ... - Census Bureau Table
A4: PersonHH | B4: =B2/B3 -> 2.4718021
