Workbook

Sheet AutosCounty
A1: City | B1: 0 Cars | C1: 1 Car | D1: 2 Cars | E1: 3 Cars | F1: 4+ Cars
A2: Bellevue | B2: =AutosTotal!K$2/SUM(AutosTotal!$K$2:$K$7) -> 0.10044856 | C2: =AutosTotal!K$3/SUM(AutosTotal!$K$2:$K$7) -> 0.43171407 | D2: =AutosTotal!K$4/SUM(AutosTotal!$K$2:$K$7) -> 0.33307883 | E2: =AutosTotal!K$5/SUM(AutosTotal!$K$2:$K$7) -> 0.089123242 | F2: =(AutosTotal!K$6+AutosTotal!K$7)/SUM(AutosTotal!$K$2:$K$7) -> 0.045635299
A3: Kirkland | B3: =AutosTotal!L$2/SUM(AutosTotal!$L$2:$L$7) -> 0.070638959 | C3: =AutosTotal!L$3/SUM(AutosTotal!$L$2:$L$7) -> 0.35723059 | D3: =AutosTotal!L$4/SUM(AutosTotal!$L$2:$L$7) -> 0.40315344 | E3: =AutosTotal!L$5/SUM(AutosTotal!$L$2:$L$7) -> 0.1142807 | F3: =(AutosTotal!L$6+AutosTotal!L$7)/SUM(AutosTotal!$L$2:$L$7) -> 0.054696313
A4: Redmond | B4: =AutosTotal!M$2/SUM(AutosTotal!$M$2:$M$7) -> 0.089983858 | C4: =AutosTotal!M$3/SUM(AutosTotal!$M$2:$M$7) -> 0.51336489 | D4: =AutosTotal!M$4/SUM(AutosTotal!$M$2:$M$7) -> 0.26724303 | E4: =AutosTotal!M$5/SUM(AutosTotal!$M$2:$M$7) -> 0.12237695 | F4: =(AutosTotal!M$6+AutosTotal!M$7)/SUM(AutosTotal!$M$2:$M$7) -> 0.0070312714

Sheet AutosTotal
A1: Number of Vehicles in Household | B1: Share | C1: Bellevue-own | D1: Kirkland-own | E1: Redmond-own | F1: Total-own | G1: Bellevue-rent | H1: Kirkland-rent | I1: Redmond-rent | J1: Total-rent | K1: Bellevue-own&rent | L1: Kirkland-own&rent | M1: Redmond-own&rent | N1: Total-own&rent
A2: 0 | B2: =N2/Totals!$B$3 -> 0.089166762 | C2: 1610 | D2: 378 | E2: 380 | F2: =SUM(C2:E2) -> 2368 | G2: 4705 | H2: 2440 | I2: 2909 | J2: =SUM(G2:I2) -> 10054 | K2: =C2+G2 -> 6315 | L2: =D2+H2 -> 2818 | M2: =E2+I2 -> 3289 | N2: =F2+J2 -> 12422
A3: 1 | B3: =N3/Totals!$B$3 -> 0.43180774 | C3: 10209 | D3: 6010 | E3: 4547 | F3: =SUM(C3:E3) -> 20766 | G3: 16932 | H3: 8241 | I3: 14217 | J3: =SUM(G3:I3) -> 39390 | K3: =C3+G3 -> 27141 | L3: =D3+H3 -> 14251 | M3: =E3+I3 -> 18764 | N3: =F3+J3 -> 60156
A4: 2 | B4: =N4/Totals!$B$3 -> 0.335872 | C4: 15572 | D4: 10909 | E4: 6447 | F4: =SUM(C4:E4) -> 32928 | G4: 5368 | H4: 5174 | I4: 3321 | J4: =SUM(G4:I4) -> 13863 | K4: =C4+G4 -> 20940 | L4: =D4+H4 -> 16083 | M4: =E4+I4 -> 9768 | N4: =F4+J4 -> 46791
A5: 3 | B5: =N5/Totals!$B$3 -> 0.10505197 | C5: 4938 | D5: 3901 | E5: 3569 | F5: =SUM(C5:E5) -> 12408 | G5: 665 | H5: 658 | I5: 904 | J5: =SUM(G5:I5) -> 2227 | K5: =C5+G5 -> 5603 | L5: =D5+H5 -> 4559 | M5: =E5+I5 -> 4473 | N5: =F5+J5 -> 14635
A6: 4+ | B6: =N6/Totals!$B$3 -> 0.038101528 | C6: 1934 | D6: 1402 | E6: 164 | F6: =SUM(C6:E6)+SUM(C7:E7) -> 4108 | G6: 437 | H6: 480 | I6: 0 | J6: =SUM(G6:I6)+SUM(G7:I7) -> 1200 | K6: =C6+G6 -> 2371 | L6: =D6+H6 -> 1882 | M6: =E6+I6 -> 164 | N6: =F6+J6 -> 5308
C7: 259 | D7: 256 | E7: 93 | G7: 239 | H7: 44 | I7: 0 | K7: =C7+G7 -> 498 | L7: =D7+H7 -> 300 | M7: =E7+I7 -> 93
F8: =SUM(F2:F6) -> 72578 | J8: =SUM(J2:J6) -> 66734
J9: =SUM(F8,J8) -> 139312

Sheet WorkAtHome
A1: City | B1: ACS | C1: Total hhs | D1: percent | E1: B08006: Sex of Workers by Means of ... - Census Bureau Table
A2: Bellevue | B2: 10423 | C2: 79331 | D2: =B2/C2*100 -> 13.138622
A3: Kirkland | B3: 6119 | C3: 49783 | D3: =B3/C3*100 -> 12.291344
A4: Redmond | B4: 5595 | C4: 41061 | D4: =B4/C4*100 -> 13.626069
A5: BKR | B5: =SUM(B2:B4) -> 22137 | C5: =SUM(C2:C4) -> 170175 | D5: =B5/C5*100 -> 13.008374

Sheet Totals
A1: DataItem | B1: Total | C1: Bellevue | D1: Kirkland | E1: Redmond
A2: Persons | B2: =SUM(C2:E2) -> 317285 | C2: 151854 | D2: 92175 | E2: 73256 | F2: https://data.census.gov/table/DECENNIALDHC2020.P1?q=Population+Total&g=160XX00US5305210,5335940,5357535
A3: Households | B3: =SUM(C3:E3) -> 139312 | C3: 62868 | D3: 39893 | E3: 36551 | F3: DP02: Selected Social ... - Census Bureau Table
A4: PersonHH | B4: =B2/B3 -> 2.2775138
